-- Wolf HMS Local Data Export
-- Generated: 2026-01-03T15:27:40.847Z
-- Strategy: REPLACE (Clean Slate)

-- IMPORTANT: Run in order!

-- hospitals (3 rows)
TRUNCATE TABLE hospitals RESTART IDENTITY CASCADE;
INSERT INTO hospitals (id, code, name, subdomain, custom_domain, logo_url, primary_color, secondary_color, address, city, state, country, phone, email, settings, subscription_tier, subscription_start, subscription_end, is_active, created_at, updated_at, bed_count, staff_count, pricing_tier, hospital_name, hospital_domain, status, subscription_plan, slug, tagline, registration_no) VALUES (1, 'kokila', 'Kokila Hospital', 'kokila.wolfhms.web.app', NULL, NULL, '#0d6efd', '#6c757d', 'Opp G.H.G. Academy/Amraj Resort, Ferozepur Road, Near Sherpur Chowk Road, Jagraon', 'Ludhiana', 'Punjab', 'India', '+91 8847618189', 'oncopg@gmail.com', '{"currency":"INR","features":{"ot":true,"lab":true,"pharmacy":true,"security":true,"radiology":true,"telemedicine":true},"timezone":"Asia/Kolkata","date_format":"DD/MM/YYYY"}', 'professional', NULL, NULL, TRUE, '2026-01-01T11:37:31.875Z', '2026-01-03T15:27:19.385Z', 50, 25, 'small', NULL, NULL, 'active', 'professional', NULL, 'A SUPERSPECIALITY HOSPITAL', NULL);
INSERT INTO hospitals (id, code, name, subdomain, custom_domain, logo_url, primary_color, secondary_color, address, city, state, country, phone, email, settings, subscription_tier, subscription_start, subscription_end, is_active, created_at, updated_at, bed_count, staff_count, pricing_tier, hospital_name, hospital_domain, status, subscription_plan, slug, tagline, registration_no) VALUES (2, 'taneja', 'Wolf HMS', 'wolf-hms.web.app', NULL, NULL, '#0d6efd', '#6c757d', NULL, NULL, NULL, 'India', NULL, NULL, '{"currency":"INR","features":{"ot":true,"lab":true,"pharmacy":true,"security":true,"radiology":true,"telemedicine":true},"timezone":"Asia/Kolkata","date_format":"DD/MM/YYYY"}', 'professional', NULL, NULL, TRUE, '2026-01-01T11:37:31.895Z', '2026-01-03T15:27:19.389Z', 50, 25, 'small', NULL, NULL, 'active', 'professional', NULL, NULL, NULL);
INSERT INTO hospitals (id, code, name, subdomain, custom_domain, logo_url, primary_color, secondary_color, address, city, state, country, phone, email, settings, subscription_tier, subscription_start, subscription_end, is_active, created_at, updated_at, bed_count, staff_count, pricing_tier, hospital_name, hospital_domain, status, subscription_plan, slug, tagline, registration_no) VALUES (3, 'drparveen', 'Dr. Parveen Clinic', 'drparveen.wolfsecurity.in', NULL, NULL, '#0d6efd', '#6c757d', NULL, NULL, NULL, 'India', NULL, NULL, '{"currency":"INR","features":{"ot":true,"lab":true,"pharmacy":true,"security":true,"radiology":true,"telemedicine":true},"timezone":"Asia/Kolkata","date_format":"DD/MM/YYYY"}', 'professional', NULL, NULL, TRUE, '2026-01-01T11:37:31.896Z', '2026-01-01T11:37:31.896Z', 50, 25, 'small', NULL, NULL, 'active', 'professional', NULL, NULL, NULL);

-- users (14 rows)
TRUNCATE TABLE users RESTART IDENTITY CASCADE;
INSERT INTO users (id, username, password, email, role, is_active, created_at, name, approval_status, approval_notes, department, consultation_fee, hospital_id, totp_secret, totp_enabled, totp_backup_codes, mfa_enabled, mfa_secret, mfa_secret_temp, mfa_verified_at, mfa_updated_at, full_name, security_question, security_answer, security_question_2, security_answer_2, security_question_3, security_answer_3, is_mfa_enabled) VALUES (3, 'admin_parveen', '$2b$10$XI191FnebIp88ycYnnJe0e4V6Y8q5PjdcabUTwsrn5xb2Wncul4eS', 'parveen@gmail.com', 'admin', TRUE, '2026-01-01T11:37:31.958Z', NULL, 'APPROVED', NULL, NULL, '500.00', 3, NULL, FALSE, NULL, FALSE, NULL, NULL, NULL, NULL, 'Dr. Parveen (Admin)', NULL, NULL, NULL, NULL, NULL, NULL, FALSE);
INSERT INTO users (id, username, password, email, role, is_active, created_at, name, approval_status, approval_notes, department, consultation_fee, hospital_id, totp_secret, totp_enabled, totp_backup_codes, mfa_enabled, mfa_secret, mfa_secret_temp, mfa_verified_at, mfa_updated_at, full_name, security_question, security_answer, security_question_2, security_answer_2, security_question_3, security_answer_3, is_mfa_enabled) VALUES (9, 'pharmacy_user', '$2b$10$b/RKf7CFjzyISovTKk1Kc.DnHxCOYO21WwniIYk1Zhki.QgznfV/u', 'pharmacy@gmail.com', 'pharmacist', TRUE, '2025-12-31T18:30:00.000Z', NULL, 'APPROVED', NULL, NULL, '500.00', 1, NULL, FALSE, NULL, FALSE, NULL, NULL, NULL, NULL, NULL, NULL, NULL, NULL, NULL, NULL, NULL, FALSE);
INSERT INTO users (id, username, password, email, role, is_active, created_at, name, approval_status, approval_notes, department, consultation_fee, hospital_id, totp_secret, totp_enabled, totp_backup_codes, mfa_enabled, mfa_secret, mfa_secret_temp, mfa_verified_at, mfa_updated_at, full_name, security_question, security_answer, security_question_2, security_answer_2, security_question_3, security_answer_3, is_mfa_enabled) VALUES (11, 'lab_user', '$2b$10$ylMtQHoh8Ub6K2R22Je.Ye9MORv3X1whqsZA65RNt3zQs01gy2r86', 'lab@gmail.com', 'lab_tech', TRUE, '2025-12-31T18:30:00.000Z', NULL, 'APPROVED', NULL, NULL, '500.00', 1, NULL, FALSE, NULL, FALSE, NULL, NULL, NULL, NULL, NULL, NULL, NULL, NULL, NULL, NULL, NULL, FALSE);
INSERT INTO users (id, username, password, email, role, is_active, created_at, name, approval_status, approval_notes, department, consultation_fee, hospital_id, totp_secret, totp_enabled, totp_backup_codes, mfa_enabled, mfa_secret, mfa_secret_temp, mfa_verified_at, mfa_updated_at, full_name, security_question, security_answer, security_question_2, security_answer_2, security_question_3, security_answer_3, is_mfa_enabled) VALUES (12, 'billing_user', '$2b$10$PqG9Uh3C4H4hg3OX7eZaCe6y6Qq3zjYqLt7UYwCx8PmNoNyTkQZyG', 'billing@gmail.com', 'billing', TRUE, '2025-12-31T18:30:00.000Z', NULL, 'APPROVED', NULL, NULL, '500.00', 1, NULL, FALSE, NULL, FALSE, NULL, NULL, NULL, NULL, NULL, NULL, NULL, NULL, NULL, NULL, NULL, FALSE);
INSERT INTO users (id, username, password, email, role, is_active, created_at, name, approval_status, approval_notes, department, consultation_fee, hospital_id, totp_secret, totp_enabled, totp_backup_codes, mfa_enabled, mfa_secret, mfa_secret_temp, mfa_verified_at, mfa_updated_at, full_name, security_question, security_answer, security_question_2, security_answer_2, security_question_3, security_answer_3, is_mfa_enabled) VALUES (13, 'blood_user', '$2b$10$aZJ6Fc6ebkLg.cFmKC4ULuxJsRQivAXPFuhidxlLaXrMA8Nbrwil2', 'blood@gmail.com', 'blood_bank_tech', TRUE, '2025-12-31T18:30:00.000Z', NULL, 'APPROVED', NULL, NULL, '500.00', 1, NULL, FALSE, NULL, FALSE, NULL, NULL, NULL, NULL, NULL, NULL, NULL, NULL, NULL, NULL, NULL, FALSE);
INSERT INTO users (id, username, password, email, role, is_active, created_at, name, approval_status, approval_notes, department, consultation_fee, hospital_id, totp_secret, totp_enabled, totp_backup_codes, mfa_enabled, mfa_secret, mfa_secret_temp, mfa_verified_at, mfa_updated_at, full_name, security_question, security_answer, security_question_2, security_answer_2, security_question_3, security_answer_3, is_mfa_enabled) VALUES (7, 'nurse_user', '$2b$10$n73tzY5KBFu1Z8XQ5VzeZ.sbRCKpjAKUaBKZLryNkHhQtXHnHdrYi', 'nurse@gmail.com', 'nurse', TRUE, '2025-12-31T18:30:00.000Z', NULL, 'APPROVED', NULL, NULL, '500.00', 1, NULL, FALSE, NULL, FALSE, NULL, NULL, NULL, NULL, NULL, 'What is the name of your first pet?', '$2b$10$ANzmbI2O7VWXTyufmTjfCOQV5aEXE5uw4tf69kb4pUF5s.FaMDIBK', 'What is your mother''s maiden name?', '$2b$10$ANzmbI2O7VWXTyufmTjfCOkVdrvMYBaJEm.065HDFVREzOBV8ZAzu', 'What was the name of your first school?', '$2b$10$ANzmbI2O7VWXTyufmTjfCON3SDeAU3KXVWpJ60faYslaZD7AN43P6', FALSE);
INSERT INTO users (id, username, password, email, role, is_active, created_at, name, approval_status, approval_notes, department, consultation_fee, hospital_id, totp_secret, totp_enabled, totp_backup_codes, mfa_enabled, mfa_secret, mfa_secret_temp, mfa_verified_at, mfa_updated_at, full_name, security_question, security_answer, security_question_2, security_answer_2, security_question_3, security_answer_3, is_mfa_enabled) VALUES (8, 'receptionist_user', '$2b$10$abaMhQIpT1a.SCWR5MTUsOXzusofE/6hlrx9.hlfaoexT/T6X5lYG', 'receptionist@gmail.com', 'receptionist', TRUE, '2025-12-31T18:30:00.000Z', NULL, 'APPROVED', NULL, NULL, '500.00', 1, NULL, FALSE, NULL, FALSE, NULL, NULL, NULL, NULL, NULL, 'What is the name of your first pet?', '$2b$10$fbeD0PLrRFg.E/YLWR11x.6gu6WjM.sgkIpPbEZz7WgWYYyuQohVa', 'What is your mother''s maiden name?', '$2b$10$fbeD0PLrRFg.E/YLWR11x.B59TDBkL8F.zS326yA67JIvsNAAbRCS', 'What was the name of your first school?', '$2b$10$fbeD0PLrRFg.E/YLWR11x.tJlpMdknFJMkYHWxR8Y8qaENA/fuI8K', FALSE);
INSERT INTO users (id, username, password, email, role, is_active, created_at, name, approval_status, approval_notes, department, consultation_fee, hospital_id, totp_secret, totp_enabled, totp_backup_codes, mfa_enabled, mfa_secret, mfa_secret_temp, mfa_verified_at, mfa_updated_at, full_name, security_question, security_answer, security_question_2, security_answer_2, security_question_3, security_answer_3, is_mfa_enabled) VALUES (2, 'admin_taneja', '$2b$10$CHfB5CgN5iGwicQ.99/w8e4lVKt2iZt8V6Y3ft/vZcR2XfyM0Ml6q', 'admin@taneja.com', 'admin', TRUE, '2026-01-01T11:37:31.956Z', NULL, 'APPROVED', NULL, NULL, '500.00', 1, NULL, FALSE, NULL, FALSE, NULL, NULL, NULL, NULL, 'Dr. Taneja (Admin)', NULL, NULL, NULL, NULL, NULL, NULL, FALSE);
INSERT INTO users (id, username, password, email, role, is_active, created_at, name, approval_status, approval_notes, department, consultation_fee, hospital_id, totp_secret, totp_enabled, totp_backup_codes, mfa_enabled, mfa_secret, mfa_secret_temp, mfa_verified_at, mfa_updated_at, full_name, security_question, security_answer, security_question_2, security_answer_2, security_question_3, security_answer_3, is_mfa_enabled) VALUES (1, 'admin_kokila', '$2b$10$XI191FnebIp88ycYnnJe0e4V6Y8q5PjdcabUTwsrn5xb2Wncul4eS', 'admin@kokila.com', 'admin', TRUE, '2026-01-01T11:37:31.954Z', NULL, 'APPROVED', NULL, NULL, '500.00', 1, NULL, FALSE, NULL, FALSE, NULL, NULL, NULL, NULL, 'Kokila Admin', 'What is your mother''s maiden name?', '$2b$10$/zG/2xCoZPVTivZ6uG.Z8uepyJhkM1rgEo.IZMmXyplujxjv6Icay', 'What was the name of your first school?', '$2b$10$/zG/2xCoZPVTivZ6uG.Z8uepyJhkM1rgEo.IZMmXyplujxjv6Icay', 'What city were you born in?', '$2b$10$/zG/2xCoZPVTivZ6uG.Z8uepyJhkM1rgEo.IZMmXyplujxjv6Icay', FALSE);
INSERT INTO users (id, username, password, email, role, is_active, created_at, name, approval_status, approval_notes, department, consultation_fee, hospital_id, totp_secret, totp_enabled, totp_backup_codes, mfa_enabled, mfa_secret, mfa_secret_temp, mfa_verified_at, mfa_updated_at, full_name, security_question, security_answer, security_question_2, security_answer_2, security_question_3, security_answer_3, is_mfa_enabled) VALUES (10, 'ward_user', '$2b$10$JwWA7NCYynogDsP7iwly2OyBK4ZS1OJRMHTd3l1v.71wQJihoqBkW', 'ward@gmail.com', 'ward_incharge', TRUE, '2025-12-31T18:30:00.000Z', NULL, 'APPROVED', NULL, NULL, '500.00', 1, NULL, FALSE, NULL, FALSE, NULL, NULL, NULL, NULL, NULL, 'What is the name of your first pet?', '$2b$10$mqAFJLSwtwNakxZvjjJNIOq8DO88zafKdJwSuWhulThGiCy.LA9nm', 'What is your mother''s maiden name?', '$2b$10$mqAFJLSwtwNakxZvjjJNIOg8KGyL8gQ3CHeBIvoI44.Hd2S9Tin4u', 'What was the name of your first school?', '$2b$10$mqAFJLSwtwNakxZvjjJNIO2Uq10/r.KzvxSkOxvOgUHGUe5CcmQU.', FALSE);
INSERT INTO users (id, username, password, email, role, is_active, created_at, name, approval_status, approval_notes, department, consultation_fee, hospital_id, totp_secret, totp_enabled, totp_backup_codes, mfa_enabled, mfa_secret, mfa_secret_temp, mfa_verified_at, mfa_updated_at, full_name, security_question, security_answer, security_question_2, security_answer_2, security_question_3, security_answer_3, is_mfa_enabled) VALUES (6, 'doctor_user', '$2b$10$PQHOrr.P96ze9OlWjr0hiuT0J3QVuKiwR3zy1lOqhT.YzPFlNfsXW', 'doctor@gmail.com', 'doctor', TRUE, '2025-12-31T18:30:00.000Z', NULL, 'APPROVED', NULL, 'Neurology', '500.00', 1, NULL, FALSE, NULL, FALSE, NULL, NULL, NULL, NULL, NULL, 'What is the name of your first pet?', '$2b$10$qgJBT4SF39GPB7fQJvHhZur/IqTIE9MDjPzZpNOyqUYqDMBc3b3tC', 'What is your mother''s maiden name?', '$2b$10$qgJBT4SF39GPB7fQJvHhZuZBR5Li8kdVaZkviDf4kP2lN8SS4C.6u', 'What was the name of your first school?', '$2b$10$qgJBT4SF39GPB7fQJvHhZuA/nXhcdnW8e8YS6Ht8R9pxK0AhLhmJm', FALSE);
INSERT INTO users (id, username, password, email, role, is_active, created_at, name, approval_status, approval_notes, department, consultation_fee, hospital_id, totp_secret, totp_enabled, totp_backup_codes, mfa_enabled, mfa_secret, mfa_secret_temp, mfa_verified_at, mfa_updated_at, full_name, security_question, security_answer, security_question_2, security_answer_2, security_question_3, security_answer_3, is_mfa_enabled) VALUES (15, 'audit_admin', '$2b$10$YNjcalB/mgUsQO4SyELN3uJphgbC2UxwYcLLhVzdVfzSRCRC6bucG', 'audit@wolfhms.com', 'admin', TRUE, '2026-01-03T13:37:25.229Z', 'Audit Admin', 'approved', NULL, NULL, '500.00', 1, NULL, FALSE, NULL, FALSE, NULL, NULL, NULL, NULL, NULL, NULL, NULL, NULL, NULL, NULL, NULL, FALSE);
INSERT INTO users (id, username, password, email, role, is_active, created_at, name, approval_status, approval_notes, department, consultation_fee, hospital_id, totp_secret, totp_enabled, totp_backup_codes, mfa_enabled, mfa_secret, mfa_secret_temp, mfa_verified_at, mfa_updated_at, full_name, security_question, security_answer, security_question_2, security_answer_2, security_question_3, security_answer_3, is_mfa_enabled) VALUES (5, 'admin_user', '$2b$10$CHfB5CgN5iGwicQ.99/w8e4lVKt2iZt8V6Y3ft/vZcR2XfyM0Ml6q', 'admin@wolf-hms.com', 'admin', TRUE, '2026-01-01T11:37:31.960Z', NULL, 'APPROVED', NULL, NULL, '500.00', 1, NULL, FALSE, NULL, FALSE, NULL, NULL, NULL, NULL, 'System Admin', 'What is the name of your first pet?', '$2b$10$4w/7Cp2cpJVAgeYsBTfdmehHL.z1Vmw4fgq6AWjGZjPdxvlA3VOti', 'What is your mother''s maiden name?', '$2b$10$4w/7Cp2cpJVAgeYsBTfdmeCGnQGyW5kIBma17j0UOu4XF3/bipaHG', 'What was the name of your first school?', '$2b$10$4w/7Cp2cpJVAgeYsBTfdme6uD6iitcIbkytxyldvOjP0Cfy4jvB0y', FALSE);
INSERT INTO users (id, username, password, email, role, is_active, created_at, name, approval_status, approval_notes, department, consultation_fee, hospital_id, totp_secret, totp_enabled, totp_backup_codes, mfa_enabled, mfa_secret, mfa_secret_temp, mfa_verified_at, mfa_updated_at, full_name, security_question, security_answer, security_question_2, security_answer_2, security_question_3, security_answer_3, is_mfa_enabled) VALUES (4, 'gurpreetpro', '$2b$10$CHfB5CgN5iGwicQ.99/w8e4lVKt2iZt8V6Y3ft/vZcR2XfyM0Ml6q', 'gurpreetpro@gmail.com', 'super_admin', TRUE, '2026-01-01T11:37:31.959Z', NULL, 'APPROVED', NULL, NULL, '500.00', 2, NULL, FALSE, NULL, FALSE, NULL, NULL, NULL, NULL, 'WOLF TECHNOLOGIES INDIA', 'What is the name of your first pet?', '$2b$10$Nw0s9Ud8tCdnMTyr3r/lVe3.Kfz7Q1nAGCzfTb5qhPnZeO5F2fIyq', 'What is your favorite food?', '$2b$10$Nw0s9Ud8tCdnMTyr3r/lVe/XtgrAC2NZrMzoy4poc7aksr9VVVrES', 'What city were you born in?', '$2b$10$Nw0s9Ud8tCdnMTyr3r/lVetZYZg38ZZtbztJMWrwFjkyHscLgue8y', TRUE);

-- patients (13 rows)
TRUNCATE TABLE patients RESTART IDENTITY CASCADE;
INSERT INTO patients (id, name, dob, gender, phone, address, history_json, created_at, blood_group, blood_group_verified, blood_group_verified_date, blood_group_verified_by, visit_count, last_visit_date, is_registered, hospital_id, uhid) VALUES ('6e02e9a6-b367-4a14-b990-f3031ffb6f6a', 'Harpreet Kaur', '1996-04-30T18:30:00.000Z', 'Female', '1122334455', NULL, '{"complaint":"headache, fever"}', '2026-01-01T14:34:49.292Z', NULL, FALSE, NULL, NULL, 0, NULL, FALSE, 1, '0001/2026');
INSERT INTO patients (id, name, dob, gender, phone, address, history_json, created_at, blood_group, blood_group_verified, blood_group_verified_date, blood_group_verified_by, visit_count, last_visit_date, is_registered, hospital_id, uhid) VALUES ('3fdce87c-194a-401d-afd7-197133345eb0', 'Simulation Test', '1990-12-31T18:30:00.000Z', 'Male', '9998887776', NULL, '{"complaint":""}', '2026-01-02T04:56:35.425Z', NULL, FALSE, NULL, NULL, 0, NULL, FALSE, 1, '0003/2026');
INSERT INTO patients (id, name, dob, gender, phone, address, history_json, created_at, blood_group, blood_group_verified, blood_group_verified_date, blood_group_verified_by, visit_count, last_visit_date, is_registered, hospital_id, uhid) VALUES ('f3ca59d3-afb7-480c-b4c3-b013575f2e81', 'Prabhdeep Kaur', '1999-07-22T18:30:00.000Z', 'Male', '1122334466', NULL, '{"complaint":"","last_diagnosis":"take medicine","last_visit_date":"2026-01-02T11:43:46.271921+05:30"}', '2026-01-02T04:06:30.290Z', NULL, FALSE, NULL, NULL, 0, NULL, FALSE, 1, '0002/2026');
INSERT INTO patients (id, name, dob, gender, phone, address, history_json, created_at, blood_group, blood_group_verified, blood_group_verified_date, blood_group_verified_by, visit_count, last_visit_date, is_registered, hospital_id, uhid) VALUES ('813621f6-4f9c-466d-85d6-7788c7b47a17', 'Billing Test', '1989-12-31T18:30:00.000Z', 'Male', '9999999999', NULL, '{}', '2026-01-02T11:15:36.477Z', NULL, FALSE, NULL, NULL, 0, NULL, FALSE, NULL, NULL);
INSERT INTO patients (id, name, dob, gender, phone, address, history_json, created_at, blood_group, blood_group_verified, blood_group_verified_date, blood_group_verified_by, visit_count, last_visit_date, is_registered, hospital_id, uhid) VALUES ('e27f00c5-5116-406c-99d3-19f58ccaac15', 'Billing Test', '1989-12-31T18:30:00.000Z', 'Male', '9999999999', NULL, '{}', '2026-01-02T11:16:47.743Z', NULL, FALSE, NULL, NULL, 0, NULL, FALSE, NULL, NULL);
INSERT INTO patients (id, name, dob, gender, phone, address, history_json, created_at, blood_group, blood_group_verified, blood_group_verified_date, blood_group_verified_by, visit_count, last_visit_date, is_registered, hospital_id, uhid) VALUES ('81eb888e-9d2a-47c9-92f3-01f33c6ccae8', 'Billing Test', '1989-12-31T18:30:00.000Z', 'Male', '9999999999', NULL, '{}', '2026-01-02T11:17:28.746Z', NULL, FALSE, NULL, NULL, 0, NULL, FALSE, 1, NULL);
INSERT INTO patients (id, name, dob, gender, phone, address, history_json, created_at, blood_group, blood_group_verified, blood_group_verified_date, blood_group_verified_by, visit_count, last_visit_date, is_registered, hospital_id, uhid) VALUES ('ecaab83c-cab6-4ca7-a8f3-d269f3457900', 'Billing Test', '1989-12-31T18:30:00.000Z', 'Male', '9999999999', NULL, '{}', '2026-01-02T11:18:19.816Z', NULL, FALSE, NULL, NULL, 0, NULL, FALSE, 1, NULL);
INSERT INTO patients (id, name, dob, gender, phone, address, history_json, created_at, blood_group, blood_group_verified, blood_group_verified_date, blood_group_verified_by, visit_count, last_visit_date, is_registered, hospital_id, uhid) VALUES ('5671c5c5-7b99-4506-b22c-db272d96fd7f', 'Billing Test', '1989-12-31T18:30:00.000Z', 'Male', '9999999999', NULL, '{}', '2026-01-02T11:19:17.052Z', NULL, FALSE, NULL, NULL, 0, NULL, FALSE, 1, NULL);
INSERT INTO patients (id, name, dob, gender, phone, address, history_json, created_at, blood_group, blood_group_verified, blood_group_verified_date, blood_group_verified_by, visit_count, last_visit_date, is_registered, hospital_id, uhid) VALUES ('7fbd5519-afde-4705-9498-82cbd5692ea9', 'Discharge Test', '1989-12-31T18:30:00.000Z', 'Male', '9999999999', NULL, '{}', '2026-01-02T11:20:16.002Z', NULL, FALSE, NULL, NULL, 0, NULL, FALSE, 1, NULL);
INSERT INTO patients (id, name, dob, gender, phone, address, history_json, created_at, blood_group, blood_group_verified, blood_group_verified_date, blood_group_verified_by, visit_count, last_visit_date, is_registered, hospital_id, uhid) VALUES ('7d148ab7-c73e-4b07-9782-351e057b8dd3', 'Discharge Test', '1989-12-31T18:30:00.000Z', 'Male', '9999999999', NULL, '{}', '2026-01-02T11:20:57.373Z', NULL, FALSE, NULL, NULL, 0, NULL, FALSE, 1, NULL);
INSERT INTO patients (id, name, dob, gender, phone, address, history_json, created_at, blood_group, blood_group_verified, blood_group_verified_date, blood_group_verified_by, visit_count, last_visit_date, is_registered, hospital_id, uhid) VALUES ('3d7c0b7f-c9c2-4f11-8cec-b5dfd6544263', 'Proc Test', '1989-12-31T18:30:00.000Z', 'Male', '9999999999', NULL, '{}', '2026-01-02T11:21:48.952Z', NULL, FALSE, NULL, NULL, 0, NULL, FALSE, 1, NULL);
INSERT INTO patients (id, name, dob, gender, phone, address, history_json, created_at, blood_group, blood_group_verified, blood_group_verified_date, blood_group_verified_by, visit_count, last_visit_date, is_registered, hospital_id, uhid) VALUES ('617b3229-da43-4d4f-8572-99305500922d', 'Proc Test', '1989-12-31T18:30:00.000Z', 'Male', '9999999999', NULL, '{}', '2026-01-02T11:22:40.036Z', NULL, FALSE, NULL, NULL, 0, NULL, FALSE, 1, NULL);
INSERT INTO patients (id, name, dob, gender, phone, address, history_json, created_at, blood_group, blood_group_verified, blood_group_verified_date, blood_group_verified_by, visit_count, last_visit_date, is_registered, hospital_id, uhid) VALUES ('90143de4-3737-4be9-bc7e-dd2d423f141b', 'Proc Test', '1989-12-31T18:30:00.000Z', 'Male', '9999999999', NULL, '{}', '2026-01-02T11:23:30.902Z', NULL, FALSE, NULL, NULL, 0, NULL, FALSE, 1, NULL);

-- wards (1 rows)
TRUNCATE TABLE wards RESTART IDENTITY CASCADE;
INSERT INTO wards (id, name, type, floor, building, total_beds, available_beds, nurse_station, is_active, created_at, hospital_id, capacity, billing_cycle) VALUES (1, 'General Ward', 'General', 'Ground Floor', NULL, 0, 0, NULL, TRUE, '2026-01-02T06:24:28.713Z', 1, 10, 24);

-- beds (5 rows)
TRUNCATE TABLE beds RESTART IDENTITY CASCADE;
INSERT INTO beds (id, ward_id, bed_number, bed_type, status, daily_rate, features, current_admission_id, is_active, created_at, hospital_id) VALUES (2, 1, 'Gen 2', 'Standard', 'Available', '0.00', '{}', NULL, TRUE, '2026-01-02T06:24:57.923Z', 1);
INSERT INTO beds (id, ward_id, bed_number, bed_type, status, daily_rate, features, current_admission_id, is_active, created_at, hospital_id) VALUES (3, 1, 'Gen 3', 'Standard', 'Available', '0.00', '{}', NULL, TRUE, '2026-01-02T06:25:05.594Z', 1);
INSERT INTO beds (id, ward_id, bed_number, bed_type, status, daily_rate, features, current_admission_id, is_active, created_at, hospital_id) VALUES (4, 1, 'Gen 4', 'Standard', 'Available', '0.00', '{}', NULL, TRUE, '2026-01-02T06:25:12.662Z', 1);
INSERT INTO beds (id, ward_id, bed_number, bed_type, status, daily_rate, features, current_admission_id, is_active, created_at, hospital_id) VALUES (5, 1, 'Gen 5', 'Standard', 'Available', '0.00', '{}', NULL, TRUE, '2026-01-02T06:25:19.721Z', 1);
INSERT INTO beds (id, ward_id, bed_number, bed_type, status, daily_rate, features, current_admission_id, is_active, created_at, hospital_id) VALUES (1, 1, 'Gen 1', 'Standard', 'Occupied', '0.00', '{}', NULL, TRUE, '2026-01-02T06:24:49.151Z', 1);

-- admissions (11 rows)
TRUNCATE TABLE admissions RESTART IDENTITY CASCADE;
INSERT INTO admissions (id, patient_id, ward, bed_number, status, admission_date, discharge_date, hospital_id, current_diet, last_round_at) VALUES (1, '6e02e9a6-b367-4a14-b990-f3031ffb6f6a', 'General Ward', 'Gen 1', 'Admitted', '2026-01-02T08:08:23.344Z', NULL, 1, 'Normal', NULL);
INSERT INTO admissions (id, patient_id, ward, bed_number, status, admission_date, discharge_date, hospital_id, current_diet, last_round_at) VALUES (2, '813621f6-4f9c-466d-85d6-7788c7b47a17', 'General', 'TEST-BED', 'Discharged', '2025-12-31T11:15:36.484Z', '2026-01-02T11:15:36.537Z', 1, 'Normal', NULL);
INSERT INTO admissions (id, patient_id, ward, bed_number, status, admission_date, discharge_date, hospital_id, current_diet, last_round_at) VALUES (3, 'e27f00c5-5116-406c-99d3-19f58ccaac15', 'General', 'TEST-BED', 'Discharged', '2025-12-31T11:16:47.747Z', '2026-01-02T11:16:47.781Z', 1, 'Normal', NULL);
INSERT INTO admissions (id, patient_id, ward, bed_number, status, admission_date, discharge_date, hospital_id, current_diet, last_round_at) VALUES (4, '81eb888e-9d2a-47c9-92f3-01f33c6ccae8', 'General', 'TEST-BED', 'Discharged', '2025-12-31T11:17:28.752Z', '2026-01-02T11:17:28.781Z', 1, 'Normal', NULL);
INSERT INTO admissions (id, patient_id, ward, bed_number, status, admission_date, discharge_date, hospital_id, current_diet, last_round_at) VALUES (5, 'ecaab83c-cab6-4ca7-a8f3-d269f3457900', 'General', 'TEST-BED', 'Discharged', '2025-12-31T11:18:19.822Z', '2026-01-02T11:18:19.851Z', 1, 'Normal', NULL);
INSERT INTO admissions (id, patient_id, ward, bed_number, status, admission_date, discharge_date, hospital_id, current_diet, last_round_at) VALUES (6, '5671c5c5-7b99-4506-b22c-db272d96fd7f', 'General', 'TEST-BED', 'Discharged', '2025-12-31T11:19:17.058Z', '2026-01-02T11:19:17.085Z', 1, 'Normal', NULL);
INSERT INTO admissions (id, patient_id, ward, bed_number, status, admission_date, discharge_date, hospital_id, current_diet, last_round_at) VALUES (8, '7fbd5519-afde-4705-9498-82cbd5692ea9', 'General', 'BED-D1', 'Discharged', '2025-12-31T11:20:16.008Z', '2026-01-02T11:20:16.035Z', 1, 'Normal', NULL);
INSERT INTO admissions (id, patient_id, ward, bed_number, status, admission_date, discharge_date, hospital_id, current_diet, last_round_at) VALUES (9, '7d148ab7-c73e-4b07-9782-351e057b8dd3', 'General', 'BED-D1', 'Discharged', '2025-12-31T11:20:57.379Z', '2026-01-02T11:20:57.402Z', 1, 'Normal', NULL);
INSERT INTO admissions (id, patient_id, ward, bed_number, status, admission_date, discharge_date, hospital_id, current_diet, last_round_at) VALUES (10, '3d7c0b7f-c9c2-4f11-8cec-b5dfd6544263', 'General', 'BED-P1', 'Admitted', '2026-01-02T11:21:48.958Z', NULL, 1, 'Normal', NULL);
INSERT INTO admissions (id, patient_id, ward, bed_number, status, admission_date, discharge_date, hospital_id, current_diet, last_round_at) VALUES (11, '617b3229-da43-4d4f-8572-99305500922d', 'General', 'BED-P1', 'Admitted', '2026-01-02T11:22:40.043Z', NULL, 1, 'Normal', NULL);
INSERT INTO admissions (id, patient_id, ward, bed_number, status, admission_date, discharge_date, hospital_id, current_diet, last_round_at) VALUES (12, '90143de4-3737-4be9-bc7e-dd2d423f141b', 'General', 'BED-P1', 'Admitted', '2026-01-02T11:23:30.907Z', NULL, 1, 'Normal', NULL);

-- ot_rooms (4 rows)
TRUNCATE TABLE ot_rooms RESTART IDENTITY CASCADE;
INSERT INTO ot_rooms (id, name, type, status, equipment, hospital_id, created_at) VALUES (1, 'OT-1 (General)', 'Major', 'Available', '{}', 1, '2026-01-03T13:50:13.909Z');
INSERT INTO ot_rooms (id, name, type, status, equipment, hospital_id, created_at) VALUES (2, 'OT-2 (Ortho)', 'Major', 'Available', '{}', 1, '2026-01-03T13:50:13.909Z');
INSERT INTO ot_rooms (id, name, type, status, equipment, hospital_id, created_at) VALUES (3, 'OT-3 (Minor)', 'Minor', 'Available', '{}', 1, '2026-01-03T13:50:13.909Z');
INSERT INTO ot_rooms (id, name, type, status, equipment, hospital_id, created_at) VALUES (4, 'OT-4 (Emergency)', 'Emergency', 'Available', '{}', 1, '2026-01-03T13:50:13.909Z');

-- equipment_types (10 rows)
TRUNCATE TABLE equipment_types RESTART IDENTITY CASCADE;
INSERT INTO equipment_types (id, name, category, description, unit, daily_rate, is_active, created_at, rate_per_24hr, hospital_id) VALUES (1, 'Oxygen Concentrator', 'Respiratory', NULL, 'piece', '500.00', TRUE, '2025-12-29T09:52:36.486Z', '100.00', NULL);
INSERT INTO equipment_types (id, name, category, description, unit, daily_rate, is_active, created_at, rate_per_24hr, hospital_id) VALUES (2, 'Infusion Pump', 'Medication', NULL, 'piece', '150.00', TRUE, '2025-12-29T09:52:36.486Z', '100.00', NULL);
INSERT INTO equipment_types (id, name, category, description, unit, daily_rate, is_active, created_at, rate_per_24hr, hospital_id) VALUES (3, 'Cardiac Monitor', 'Monitoring', NULL, 'piece', '300.00', TRUE, '2025-12-29T09:52:36.486Z', '100.00', NULL);
INSERT INTO equipment_types (id, name, category, description, unit, daily_rate, is_active, created_at, rate_per_24hr, hospital_id) VALUES (4, 'Wheelchair', 'Mobility', NULL, 'piece', '50.00', TRUE, '2025-12-29T09:52:36.486Z', '100.00', NULL);
INSERT INTO equipment_types (id, name, category, description, unit, daily_rate, is_active, created_at, rate_per_24hr, hospital_id) VALUES (5, 'Air Mattress', 'Bed Equipment', NULL, 'piece', '200.00', TRUE, '2025-12-29T09:52:36.486Z', '100.00', NULL);
INSERT INTO equipment_types (id, name, category, description, unit, daily_rate, is_active, created_at, rate_per_24hr, hospital_id) VALUES (6, 'Ventilator', 'Respiratory', 'Mechanical ventilator for critical care', 'piece', '0.00', TRUE, '2026-01-02T06:30:39.207Z', '5000.00', 1);
INSERT INTO equipment_types (id, name, category, description, unit, daily_rate, is_active, created_at, rate_per_24hr, hospital_id) VALUES (7, 'Patient Monitor', 'Monitoring', 'Multiparameter patient monitor', 'piece', '0.00', TRUE, '2026-01-02T06:30:39.207Z', '1500.00', 1);
INSERT INTO equipment_types (id, name, category, description, unit, daily_rate, is_active, created_at, rate_per_24hr, hospital_id) VALUES (8, 'Oxygen Concentrator', 'Respiratory', '5L Oxygen Concentrator', 'piece', '0.00', TRUE, '2026-01-02T06:30:39.207Z', '1000.00', 1);
INSERT INTO equipment_types (id, name, category, description, unit, daily_rate, is_active, created_at, rate_per_24hr, hospital_id) VALUES (9, 'Infusion Pump', 'IV/Medication', 'For precise fluid delivery', 'piece', '0.00', TRUE, '2026-01-02T06:30:39.207Z', '800.00', 1);
INSERT INTO equipment_types (id, name, category, description, unit, daily_rate, is_active, created_at, rate_per_24hr, hospital_id) VALUES (10, 'Suction Machine', 'Emergency', 'Portable suction unit', 'piece', '0.00', TRUE, '2026-01-02T06:30:39.207Z', '500.00', 1);

-- ward_consumables (6 rows)
TRUNCATE TABLE ward_consumables RESTART IDENTITY CASCADE;
INSERT INTO ward_consumables (id, name, category, price, is_active, hospital_id, stock_quantity, active) VALUES (13, 'Syringe 5ml', 'Medical', '5.00', TRUE, 1, 1000, TRUE);
INSERT INTO ward_consumables (id, name, category, price, is_active, hospital_id, stock_quantity, active) VALUES (14, 'Syringe 10ml', 'Medical', '8.00', TRUE, 1, 1000, TRUE);
INSERT INTO ward_consumables (id, name, category, price, is_active, hospital_id, stock_quantity, active) VALUES (15, 'IV Cannula', 'Medical', '50.00', TRUE, 1, 500, TRUE);
INSERT INTO ward_consumables (id, name, category, price, is_active, hospital_id, stock_quantity, active) VALUES (16, 'Surgical Gloves', 'Surgical', '25.00', TRUE, 1, 2000, TRUE);
INSERT INTO ward_consumables (id, name, category, price, is_active, hospital_id, stock_quantity, active) VALUES (17, 'Cotton Roll', 'General', '40.00', TRUE, 1, 100, TRUE);
INSERT INTO ward_consumables (id, name, category, price, is_active, hospital_id, stock_quantity, active) VALUES (18, 'Paracetamol IV', 'Medicine', '150.00', TRUE, 1, 200, TRUE);

-- ward_service_charges (23 rows)
TRUNCATE TABLE ward_service_charges RESTART IDENTITY CASCADE;
INSERT INTO ward_service_charges (id, name, price, hospital_id, category) VALUES (1, 'Nursing Care (Per Day)', '500.00', NULL, 'General');
INSERT INTO ward_service_charges (id, name, price, hospital_id, category) VALUES (2, 'Oxygen Support (Per Hour)', '200.00', NULL, 'General');
INSERT INTO ward_service_charges (id, name, price, hospital_id, category) VALUES (3, 'Venipuncture', '150.00', NULL, 'General');
INSERT INTO ward_service_charges (id, name, price, hospital_id, category) VALUES (4, 'Dressing Change - Small', '250.00', NULL, 'General');
INSERT INTO ward_service_charges (id, name, price, hospital_id, category) VALUES (5, 'Dressing Change - Large', '500.00', NULL, 'General');
INSERT INTO ward_service_charges (id, name, price, hospital_id, category) VALUES (6, 'Nebulization', '100.00', NULL, 'General');
INSERT INTO ward_service_charges (id, name, price, hospital_id, category) VALUES (7, 'Ryles Tube Insertion', '800.00', NULL, 'General');
INSERT INTO ward_service_charges (id, name, price, hospital_id, category) VALUES (8, 'Catheterization', '800.00', NULL, 'General');
INSERT INTO ward_service_charges (id, name, price, hospital_id, category) VALUES (9, 'ECG Monitoring (Per Hour)', '300.00', NULL, 'General');
INSERT INTO ward_service_charges (id, name, price, hospital_id, category) VALUES (10, 'Nursing Care (Per Day)', '500.00', NULL, 'General');
INSERT INTO ward_service_charges (id, name, price, hospital_id, category) VALUES (11, 'Oxygen Support (Per Hour)', '200.00', NULL, 'General');
INSERT INTO ward_service_charges (id, name, price, hospital_id, category) VALUES (12, 'Venipuncture', '150.00', NULL, 'General');
INSERT INTO ward_service_charges (id, name, price, hospital_id, category) VALUES (13, 'Dressing Change - Small', '250.00', NULL, 'General');
INSERT INTO ward_service_charges (id, name, price, hospital_id, category) VALUES (14, 'Dressing Change - Large', '500.00', NULL, 'General');
INSERT INTO ward_service_charges (id, name, price, hospital_id, category) VALUES (15, 'Nebulization', '100.00', NULL, 'General');
INSERT INTO ward_service_charges (id, name, price, hospital_id, category) VALUES (16, 'Ryles Tube Insertion', '800.00', NULL, 'General');
INSERT INTO ward_service_charges (id, name, price, hospital_id, category) VALUES (17, 'Catheterization', '800.00', NULL, 'General');
INSERT INTO ward_service_charges (id, name, price, hospital_id, category) VALUES (18, 'ECG Monitoring (Per Hour)', '300.00', NULL, 'General');
INSERT INTO ward_service_charges (id, name, price, hospital_id, category) VALUES (24, 'Nursing Charge', '500.00', 1, 'General');
INSERT INTO ward_service_charges (id, name, price, hospital_id, category) VALUES (25, 'Doctor Visit', '1000.00', 1, 'Consultation');
INSERT INTO ward_service_charges (id, name, price, hospital_id, category) VALUES (26, 'Diet Charge', '300.00', 1, 'Dietary');
INSERT INTO ward_service_charges (id, name, price, hospital_id, category) VALUES (27, 'Bed Making', '100.00', 1, 'General');
INSERT INTO ward_service_charges (id, name, price, hospital_id, category) VALUES (28, 'Oxygen Support (Per Hour)', '200.00', 1, 'Critical Care');

-- hospital_settings (26 rows)
TRUNCATE TABLE hospital_settings RESTART IDENTITY CASCADE;
INSERT INTO hospital_settings (key, value, updated_at, hospital_id) VALUES ('hospital_name', 'Wolf Hospital', '2025-12-29T10:03:48.341Z', NULL);
INSERT INTO hospital_settings (key, value, updated_at, hospital_id) VALUES ('hospital_address', '123 Wolf Street, Cyber City', '2025-12-29T10:03:48.341Z', NULL);
INSERT INTO hospital_settings (key, value, updated_at, hospital_id) VALUES ('name', 'New Kokila Hospital', '2026-01-01T15:57:44.635Z', 1);
INSERT INTO hospital_settings (key, value, updated_at, hospital_id) VALUES ('tagline', 'Care with Compassion', '2026-01-01T15:57:44.636Z', 1);
INSERT INTO hospital_settings (key, value, updated_at, hospital_id) VALUES ('registration_number', '.', '2026-01-01T15:57:44.637Z', 1);
INSERT INTO hospital_settings (key, value, updated_at, hospital_id) VALUES ('phone', '+91 8847618189', '2026-01-01T15:57:44.637Z', 1);
INSERT INTO hospital_settings (key, value, updated_at, hospital_id) VALUES ('phone_secondary', '+91 7009031667', '2026-01-01T15:57:44.637Z', 1);
INSERT INTO hospital_settings (key, value, updated_at, hospital_id) VALUES ('fax', '.', '2026-01-01T15:57:44.637Z', 1);
INSERT INTO hospital_settings (key, value, updated_at, hospital_id) VALUES ('email', 'oncopg@gmail.com', '2026-01-01T15:57:44.638Z', 1);
INSERT INTO hospital_settings (key, value, updated_at, hospital_id) VALUES ('website', '.', '2026-01-01T15:57:44.638Z', 1);
INSERT INTO hospital_settings (key, value, updated_at, hospital_id) VALUES ('address_line1', 'Opp. G.H.G. Academy/Amraj Resort, Ferozepur Road, Near Sherpur Road Chowk', '2026-01-01T15:57:44.639Z', 1);
INSERT INTO hospital_settings (key, value, updated_at, hospital_id) VALUES ('address_line2', 'Jagraon', '2026-01-01T15:57:44.639Z', 1);
INSERT INTO hospital_settings (key, value, updated_at, hospital_id) VALUES ('city', 'Ludhiana', '2026-01-01T15:57:44.640Z', 1);
INSERT INTO hospital_settings (key, value, updated_at, hospital_id) VALUES ('state', 'Punjab', '2026-01-01T15:57:44.640Z', 1);
INSERT INTO hospital_settings (key, value, updated_at, hospital_id) VALUES ('pincode', '142026', '2026-01-01T15:57:44.640Z', 1);
INSERT INTO hospital_settings (key, value, updated_at, hospital_id) VALUES ('country', 'India', '2026-01-01T15:57:44.641Z', 1);
INSERT INTO hospital_settings (key, value, updated_at, hospital_id) VALUES ('logo_url', 'https://cdn-icons-png.flaticon.com/512/3304/3304555.png', '2026-01-01T15:57:44.641Z', 1);
INSERT INTO hospital_settings (key, value, updated_at, hospital_id) VALUES ('primary_color', '#0d6efd', '2026-01-01T15:57:44.642Z', 1);
INSERT INTO hospital_settings (key, value, updated_at, hospital_id) VALUES ('secondary_color', '#6c757d', '2026-01-01T15:57:44.642Z', 1);
INSERT INTO hospital_settings (key, value, updated_at, hospital_id) VALUES ('gstin', '', '2026-01-01T15:57:44.642Z', 1);
INSERT INTO hospital_settings (key, value, updated_at, hospital_id) VALUES ('pan', '', '2026-01-01T15:57:44.643Z', 1);
INSERT INTO hospital_settings (key, value, updated_at, hospital_id) VALUES ('cin', '', '2026-01-01T15:57:44.643Z', 1);
INSERT INTO hospital_settings (key, value, updated_at, hospital_id) VALUES ('tan', '', '2026-01-01T15:57:44.643Z', 1);
INSERT INTO hospital_settings (key, value, updated_at, hospital_id) VALUES ('lab_nabl_number', '', '2026-01-01T15:57:44.644Z', 1);
INSERT INTO hospital_settings (key, value, updated_at, hospital_id) VALUES ('pharmacy_license', '', '2026-01-01T15:57:44.644Z', 1);
INSERT INTO hospital_settings (key, value, updated_at, hospital_id) VALUES ('nabh_accreditation', '', '2026-01-01T15:57:44.644Z', 1);

